{"cameraMode":{"drawMode":0,"name":"Shaded","section":"Shading Mode"},"sceneLighting":true,"audioPlay":false,"sceneViewState":{"showFog":true,"showMaterialUpdate":true,"showSkybox":true,"showFlares":true,"showImageEffects":true,"showParticleSystems":true},"in2DMode":false,"pivot":{"x":14.312891960144043,"y":-8.837028503417969,"z":3.0994949340820314},"rotation":{"x":-0.04273918643593788,"y":0.9050362706184387,"z":-0.4126719832420349,"w":-0.09373173117637634},"size":54.93518829345703,"orthographic":false}